{
    "rmse": 0.8049787716639204,
    "mae": 0.659918535609355,
    "r2": 0.008439153936156685
}